building_number,building_status,building_type,num_floors,coords_EPSG_25832:x,coords_EPSG_25832:y,coords_WGS84:x,coords_WGS84:y
80466447,TB,311,7,597395.0000007,6643073.99993006,59.91363473298713,10.741724523628505
80466463,TB,322,7,597406.0000007,6643117.99993006,59.91402704527233,10.741941826441433
80466455,TB,322,5,597413.0000007,6643086.99993006,59.91374715986476,10.742052360690115
80466471,TB,511,4,597348.0000007,6643165.99993006,59.914471550881075,10.740927716088915
80466420,TB,311,8,597379.0000007,6643037.99993006,59.91331540272682,10.741421621216213
80466439,TB,239,7,597385.0000007,6643062.99993006,59.913538366823495,10.741540616481489
80466234,TB,311,8,597237.000000699,6642760.99993006,59.910862762460695,10.738753569213314
80466242,TB,311,6,597246.000000699,6642774.99993006,59.91098629415848,10.73892098976168
80466137,TB,311,4,597129.000000698,6642522.99993006,59.90875209666567,10.736711801208264
80466110,TB,319,4,597208.000000699,6642429.99993006,59.9078987891043,10.738079965259223
80466366,TB,322,6,597363.0000007,6642956.99993006,59.912592186175594,10.741097570505243
80466382,TB,311,5,597400.0000007,6643023.99993006,59.91318479068604,10.74179037638551
80466250,TB,311,10,597313.0000007,6642850.99993006,59.911652610862845,10.74015412267994
80466269,TB,311,6,597252.000000699,6642789.99993006,59.9111195082328,10.73903526465702
80466315,TB,329,6,597350.0000007,6642923.99993006,59.91229907199287,10.740849712030172
80467109,FA,412,6,597961.000000705,6642763.99993005,59.91071837677029,10.751694241198026
80467052,TB,311,2,597421.0000007,6642307.99993005,59.906753563158006,10.741828994241729
80467060,TB,199,5,597456.000000701,6642442.99993006,59.90795695327063,10.742517934705745
80467095,TB,311,9,597502.000000701,6642422.09993006,59.90775850114254,10.743330137572377
80467192,TB,311,5,597818.000000703,6642808.99993006,59.911156197688996,10.749159820500106
80467184,TB,311,7,597838.000000703,6642840.99993006,59.91143866044541,10.749532376444447
80467214,TB,511,5,597822.000000703,6642854.99993005,59.91156810815332,10.749253032743015
80467206,TB,239,6,597796.000000703,6642847.99993006,59.91151144724879,10.748785048282954
80467230,TB,311,5,597799.000000703,6642819.99993005,59.91125943034238,10.748825444840703
80467117,TB,511,7,597841.000000704,6642760.99993005,59.910719933104474,10.74954820563257
80467125,TB,311,7,597852.000000704,6642878.99993005,59.91177639675945,10.74980053909114
80467141,TB,311,7,597844.000000704,6642859.99993006,59.91160776589649,10.749648584779495
80467133,TB,311,5,597832.000000703,6642877.99993006,59.91177216588933,10.749442618904418
80467281,TB,531,5,597664.000000702,6642875.99993006,59.91179402954583,10.746439109930556
80467303,TB,322,1,597676.000000702,6642903.99993006,59.912042493811136,10.746666783172131
80467338,TB,511,5,597649.000000702,6642850.99993006,59.91157320074923,10.74615923751212
80467311,TB,511,5,597643.000000702,6642877.99993006,59.91181695192025,10.74606473162202
80467257,TB,311,5,597784.000000703,6642817.99993006,59.91124503627477,10.74855641883471
80467389,TB,531,6,597498.000000701,6642967.99993006,59.91265902307945,10.743515588966613
80467400,TB,322,4,597487.000000701,6642977.99993006,59.91275137547208,10.743323693661527
80467397,TB,322,5,597437.000000701,6642963.99993006,59.91263753749427,10.742423458244673
80467419,TB,322,6,597373.0000007,6642979.99993006,59.912796255804736,10.741287112764397
80467435,TB,311,6,597306.800000699,6643001.69993006,59.91300664227917,10.740114113435926
80467427,TB,239,6,597466.000000701,6642990.99993006,59.912873016536224,10.74295447877713
80467354,TB,311,8,597563.000000702,6642945.99993006,59.91244619777192,10.744666965333433
80467346,TB,511,3,597665.000000702,6642849.99993006,59.911560437284564,10.74644472301546
80467362,FA,329,7,597584.000000702,6642893.99993006,59.91197451850052,10.745017794773672
80467370,TB,322,6,597545.000000701,6642919.99993006,59.91221709949888,10.744333010050804
80467524,TB,511,8,597275.000000699,6643122.99993006,59.91410284035326,10.739602721062695
80467583,TB,311,4,597439.0000007,6642564.99993006,59.909055947747525,10.742271516503145
80467451,TB,329,7,597450.0000007,6642992.99993006,59.91289474772311,10.74266945105377
80467478,TB,311,7,597365.0000007,6643056.99993006,59.91348923744213,10.74118032735012
80467516,TB,511,5,597259.000000699,6643101.99993006,59.91391813379368,10.739306878980818
80467508,TB,511,5,597279.000000699,6643097.99993006,59.91387751588489,10.739662472851336
80470436,TB,531,6,597404.0000007,6642911.99993006,59.91217862013647,10.741809197174012
80467699,TB,311,6,597432.8000007,6642482.09993005,59.90831336522304,10.742121728957173
80470444,TB,322,5,597378.0000007,6642925.99993006,59.91231041271217,10.741351089386221
80467710,TB,329,6,597450.000000701,6642599.99993005,59.90936748240367,10.74248456127288
80467788,TB,641,3,597502.000000701,6642627.99993006,59.90960650086685,10.743427039773032
80470460,TB,329,5,597442.000000701,6642999.99993006,59.912959464451546,10.742529759918696
80467753,TB,311,7,597468.000000701,6642628.99993006,59.90962351133038,10.742819886415047
80470452,TB,143,5,597423.0000007,6642943.99993006,59.91246134005768,10.742163829809177
80467656,TB,311,4,597425.0000007,6642452.99993006,59.90805402805501,10.741968654283024
80467869,TB,311,5,597517.000000701,6642748.99993006,59.91068895733128,10.743752069552299
80467877,TB,143,5,597521.400000701,6642781.39993006,59.91097871433252,10.743845959417042
80470525,TB,321,8,597398.0000007,6642966.99993006,59.912673674811195,10.74172782478363
80470541,TB,311,5,597432.0000007,6643032.99993006,59.91325800943746,10.742366553338162
80467893,TB,311,7,597563.000000701,6642765.99993005,59.910830658287644,10.74458218178969
80470533,TB,311,4,597412.6000007,6643008.79993006,59.91304539140842,10.742008429771774
80467915,TB,322,7,597554.000000701,6642859.99993006,59.91167645771884,10.744465604966233
80470576,TB,311,7,597446.000000701,6643052.99993006,59.91343420642196,10.742626189137274
80467907,TB,329,7,597527.000000701,6642839.99993006,59.91150333835,10.743973633512981
80467834,TB,311,7,597552.600000701,6642632.49993005,59.90963492587232,10.744333445461796
80467826,TB,146,6,597511.000000701,6642644.99993006,59.90975695228334,10.74359588329043
80470479,TB,322,3,597387.1000007,6642940.59993006,59.912439302537685,10.74152059631344
80470487,TB,531,5,597453.000000701,6643011.99993006,59.9130645681872,10.742732010357496
80467850,TB,311,10,597485.000000701,6642700.99993006,59.910265710533366,10.74315758073752
80470495,TB,239,8,597383.0000007,6642957.99993005,59.91259643966759,10.741455498857187
80467842,TB,311,6,597536.000000701,6642691.99993006,59.91017287720287,10.74406479649026
80470509,TB,311,6,597460.000000701,6643031.29993006,59.9132361359854,10.742866204447411
80467982,TB,311,6,597602.000000702,6642850.99993006,59.91158432515956,10.7453192383465
80467990,FA,511,6,597611.000000702,6642868.99993006,59.91174374924141,10.745488571840982
80470622,FA,311,5,597179.000000698,6642975.99993006,59.912806110494294,10.737817864617673
80470649,TB,671,1,597686.000000702,6642958.99993005,59.912533761954855,10.746871448708088
80467923,TB,621,7,597602.000000702,6642797.99993006,59.91110863868508,10.7452942648377
80470584,TB,311,6,597454.000000701,6643068.99993006,59.913575919778516,10.742776704807353
80467958,TB,621,4,597590.000000702,6642822.99993006,59.91133585849176,10.745091578332678
80470606,TB,311,7,597215.000000699,6642983.99993006,59.91286942862461,10.738465049530488
80468563,TB,311,5,597355.0000007,6643215.99993006,59.91491866011922,10.741076339373135
80468407,TB,311,8,597367.0000007,6643101.99993006,59.91389265075849,10.741237230496333
80468415,TB,311,7,597343.0000007,6643093.99993006,59.91382651422057,10.740804503542309
80468431,TB,412,3,598025.000000705,6642765.99993005,59.91072112251352,10.752838982451658
80468636,TB,311,4,597814.000000703,6642661.99993005,59.90983779191466,10.749018919810345
80468628,TB,311,4,597789.000000703,6642674.99993005,59.90996039704492,10.748578272511018
80468652,TB,143,5,597720.000000703,6642743.99993005,59.91059603851026,10.747377692973416
80468644,TB,311,5,597693.600000702,6642752.89993006,59.91068217144031,10.74691007529803
80468687,TB,311,5,597664.000000702,6642768.99993006,59.910833681941405,10.746388659807973
80468679,TB,143,5,597745.000000703,6642699.99993006,59.91019520596374,10.747803725649357
80468571,TB,311,5,597351.0000007,6643239.99993006,59.91513500992815,10.741016125320186
80468598,TB,311,4,597779.000000703,6642719.99993005,59.910366651777416,10.748420798843116
80468601,TB,311,8,597759.000000703,6642672.99993005,59.90994955766135,10.74804118577963
80468776,TB,311,5,597486.000000701,6642810.99993006,59.91125274920443,10.74322722046078
80468806,TB,322,5,597418.0000007,6642878.99993005,59.91187913105645,10.742043893722764
80468695,TB,511,7,597679.000000702,6642722.99993005,59.91041727032085,10.74663504739884
80468733,TB,143,5,597535.000000701,6642792.99993006,59.91107961122313,10.744094480862953
80468954,TB,239,5,597325.0000007,6643239.79993006,59.915139351564775,10.740551299966555
80468822,TB,311,5,597361.0000007,6642898.99993006,59.91207209463983,10.741034560765073
80468814,TB,311,7,597393.0000007,6642854.99993006,59.91166962942812,10.741585795761637
80468830,TB,311,6,597293.000000699,6642903.99993006,59.91213301685728,10.739821569729285
80468857,TB,311,8,597465.000000701,6642460.99993006,59.908116381176626,10.742687236052467
80469039,TB,311,9,597105.000000698,6642839.99993006,59.911602904643274,10.736431496970539
80468970,TB,661,7,597299.000000699,6643150.99993006,59.914348485580135,10.740044845938126
80469020,TB,311,7,597120.000000698,6642866.99993006,59.91184170488761,10.736712243163913
80469055,TB,311,6,597347.0000007,6643256.99993006,59.91528853308362,10.740952619817433
80467001,TB,239,6,597379.0000007,6643121.99993006,59.91406932219137,10.741461117961368
80467036,TB,319,4,597418.7000007,6642345.29993006,59.90708888271901,10.741805431017637
80470134,TB,311,8,597338.0000007,6642726.99993006,59.91053378209778,10.740542663451517
80470169,TB,329,6,597363.0000007,6642760.99993006,59.910833039862226,10.741005439388864
80470061,TB,143,5,597778.000000703,6642805.99993006,59.91113875623451,10.748443521617627
80470029,TB,322,6,597773.000000703,6642789.99993006,59.91099633824228,10.748346609080176
80470088,TB,511,4,597814.000000703,6642837.99993005,59.91141742703401,10.749102026615251
80470126,TB,531,3,597312.0000007,6642655.99993006,59.90990267457483,10.740044643227353
80466560,TB,311,3,597519.000000701,6642443.99993006,59.90795104029421,10.74364424044244
80470223,TB,321,5,597490.000000701,6642941.99993006,59.912427558300756,10.74336036743296
80466587,TB,311,8,597566.000000701,6642475.99993006,59.908227134152376,10.744499217920506
80470258,FA,311,5,597503.000000701,6642986.99993006,59.91282837032654,10.743613898150315
80470231,TB,311,6,597426.0000007,6642903.99993006,59.91210162222554,10.74219863311634
80466609,TB,143,7,597615.000000702,6642583.99993005,59.90918486580383,10.745425760427903
80470274,TB,322,6,597443.000000701,6642937.99993006,59.91240276406242,10.742518463570361
80466595,TB,311,7,597573.000000702,6642492.99993005,59.90837805730422,10.74463231792496
80470266,TB,322,6,597433.0000007,6642915.99993006,59.912207671445096,10.742329386480742
80466625,TB,311,6,597599.900000702,6642616.79993006,59.909482826027826,10.745171360490605
80470290,TB,311,6,597473.000000701,6643005.99993006,59.91300599064454,10.743086649506804
80466617,TB,311,2,597587.000000702,6642593.99993006,59.90928124302731,10.744930081775287
80470282,TB,322,3,597454.100000701,6642959.79993006,59.91259580143712,10.7427271089783
80470177,TB,311,6,597383.0000007,6642828.99993005,59.91143863446941,10.741394847787518
80466498,TB,511,7,597348.0000007,6643129.99993006,59.914148442480084,10.74091079356591
80466501,TB,531,5,597434.000000701,6642552.99993006,59.9089494259698,10.742176517781209
80466528,TB,311,6,597406.0000007,6642564.99993006,59.90906374147883,10.74168177334652
80470193,TB,311,5,597398.0000007,6642832.99993006,59.91147099362571,10.741664812951976
80466544,TB,641,4,597378.0000007,6642502.99993006,59.908513887409306,10.741152242934632
80466536,TB,641,5,597329.0000007,6642531.99993006,59.90878573355449,10.740290201297052
80466676,TB,311,4,597672.000000702,6642781.99993005,59.910948465403436,10.746537764900621
80470355,TB,311,7,597343.0000007,6642849.99993006,59.91163655655236,10.740689825050762
80466684,TB,511,7,597678.000000702,6642796.99993006,59.91108167274014,10.746652070065181
80470363,TB,322,5,597374.0000007,6642845.99993006,59.911593338281584,10.741241988934886
80466692,TB,511,7,597663.000000702,6642810.99993005,59.91121087761216,10.746390590135393
80470371,TB,322,6,597351.0000007,6642879.99993006,59.91190392554898,10.74084690427466
80470398,TB,239,7,597419.0000007,6642892.99993006,59.91200454810198,10.742068350926319
80470304,TB,311,7,597483.000000701,6643022.99993006,59.91315620599472,10.743273382221957
80470320,TB,619,8,597330.0000007,6642748.99993006,59.91073312518129,10.74041002591888
80470312,TB,311,4,597489.000000701,6643038.99993006,59.91329839136621,10.743388152820353
80466668,TB,143,8,597624.000000702,6642734.99993006,59.910537993704565,10.745657759314007
80470339,TB,669,5,597298.800000699,6642780.59993006,59.91102410380129,10.739867265041331
80466641,TB,146,7,597622.000000702,6642597.99993005,59.909308862309146,10.745557454848663
80470347,TB,619,7,597365.0000007,6642832.99993006,59.911478784830756,10.741075026776384
80466757,TB,321,2,597739.000000703,6642929.99993006,59.91226092486299,10.74780502309289
80466749,TB,311,4,597703.000000703,6642793.99993006,59.911048826054994,10.747097456113908
80466765,TB,311,5,597712.000000703,6642805.99993006,59.91115439659509,10.747263964979512
80466781,TB,322,4,597729.000000703,6642841.99993005,59.911473476431276,10.74758477546396
80466811,TB,311,7,597684.000000702,6642559.39993006,59.9089477415343,10.746647262072937
80466714,TB,311,7,597674.000000702,6642829.99993006,59.91137880191701,10.74659614276108
80466722,TB,143,5,597699.000000702,6642777.99993006,59.910906170184354,10.747018421543153
80466730,TB,311,4,597695.000000702,6642833.99993006,59.91140972930657,10.746973345638375
80466927,TB,322,5,597501.000000701,6643062.99993006,59.913510960015124,10.743613930721091
80468105,FA,511,7,597360.0000007,6642608.99993006,59.90946951165003,10.740880384902114
80466935,TB,311,6,597481.000000701,6643053.99993006,59.91343491064166,10.743252226872174
80466986,TB,322,8,597464.000000701,6643085.99993006,59.91372613554723,10.742963439376437
80466978,TB,531,4,597481.000000701,6643066.99993006,59.91355158854519,10.74325834577975
80466994,TB,322,5,597452.000000701,6643097.99993006,59.913836673897904,10.742754603973319
80466846,TB,311,2,597771.000000703,6642633.99993005,59.909596680534285,10.74823723634945
80466862,TB,311,6,597743.000000703,6642645.99993006,59.90971101872883,10.747742503563781
80466919,TB,322,7,597533.000000701,6643031.99993006,59.91322516198819,10.744171279882881
80466900,TB,511,7,597795.000000703,6642755.99993006,59.910685965912776,10.748723740831126
80468083,TB,239,4,597391.0000007,6642603.99993006,59.909417317490714,10.74143204246958
80468199,TB,143,5,597451.500000701,6642713.59993006,59.910386714360214,10.74256480810104
80468210,TB,311,7,597388.4000007,6642704.39993006,59.91031904515099,10.741432777232104
80468237,TB,311,6,597472.000000701,6642775.99993006,59.910941924863934,10.742960540342498
80468229,TB,311,6,597449.000000701,6642728.99993006,59.910525523551314,10.7425273734467
80468156,TB,311,9,597455.000000701,6642670.99993006,59.91000354261071,10.742607317894617
80468121,TB,311,6,597379.0000007,6642663.99993006,59.90995866481734,10.741245792052005
80468296,TB,311,7,597422.0000007,6642744.99993006,59.91067550519535,10.742052359963528
80468288,TB,311,4,597504.000000701,6642787.99993005,59.91104206436254,10.743538092969386
80468245,TB,311,7,597401.1000007,6642728.99993006,59.9105368372328,10.741671314501959
80468261,TB,311,3,597491.000000701,6642796.99993006,59.91112591426525,10.743309992112017
80468253,TB,322,8,597480.000000701,6642797.99993006,59.91113748929781,10.74311386957019
80468377,TB,322,5,597500.000000701,6642916.99993006,59.912200813897186,10.74352732698572
80468350,TB,322,6,597539.000000701,6642903.99993006,59.91207491492893,10.744218239240269
80468385,TB,321,5,597507.000000701,6642931.99993006,59.9123337874459,10.743659497276749
80468393,TB,239,4,597319.0000007,6643221.99993006,59.91498100831372,10.740435689049674
80468334,TB,311,5,597530.000000701,6642889.99993006,59.9119513900903,10.744050793574553
80468342,TB,321,10,597464.000000701,6642865.99993006,59.911751585822884,10.742859912175813
80470800,TB,311,5,597676.300000702,6642643.29993006,59.909702585278964,10.746549214143952
80470789,TB,511,6,597690.300000702,6642677.39993005,59.910005324620435,10.746815493115824
80470886,TB,143,5,597669.000000702,6642683.99993005,59.91006960499237,10.746437942562276
80470819,TB,311,6,597650.000000702,6642653.99993005,59.909804846948546,10.746084242412806
80470894,TB,311,4,597583.000000702,6642668.99993005,59.90995533087519,10.744893926094301
80470924,TB,311,3,597488.000000701,6642759.99993005,59.910794539938365,10.743238962299616
80470916,TB,319,8,597550.000000701,6642735.99993006,59.910564476326314,10.744335718877913
80470665,TB,322,7,597577.000000702,6642940.99993006,59.91239800980207,10.744914828925769
80470657,TB,239,5,597598.000000702,6642928.99993005,59.91228533850996,10.74528450250565
80468024,TB,311,3,597324.0000007,6642571.99993006,59.90914592300915,10.740219638038706
80468059,TB,531,4,597348.0000007,6642593.99993006,59.90933771516869,10.7406588814355
80470673,TB,311,6,597550.000000701,6642952.99993006,59.91251209920276,10.744437915813837
80468075,TB,531,6,597328.4000007,6642597.49993006,59.90937375357044,10.74031025085586
80470746,TB,311,6,597723.000000703,6642652.99993005,59.909778583839575,10.747388379612532
80470738,TB,311,4,597796.000000703,6642623.99993005,59.90950100216218,10.748679296349053
80470762,TB,511,4,597698.000000702,6642619.99993006,59.909488323838964,10.746926033065836
80470754,FA,511,8,597725.000000703,6642607.99993005,59.90937422561824,10.7474028942913
80470983,TB,311,8,597372.0000007,6642811.99993006,59.91128865241403,10.741190261087143
80470991,TB,311,8,597335.0000007,6642837.99993006,59.91153074165082,10.7405412068198
80471009,TB,511,7,597343.0000007,6642778.99993006,59.91099931460919,10.740656458803667
80470932,TB,311,3,597497.000000701,6642778.99993006,59.91096294199895,10.74340875245519
80470959,TB,311,5,597482.000000701,6642727.99993006,59.910508750696195,10.743116671669625
80470940,TB,311,5,597456.000000701,6642742.99993006,59.91064952295227,10.742659062507403
80470975,TB,311,6,597397.9000007,6642761.19993006,59.91082659542151,10.741629264890818
80470967,TB,311,8,597422.0000007,6642755.99993006,59.910774232756864,10.742057533361196
80469128,TB,311,3,597607.000000702,6642501.99993005,59.90845079080374,10.74524415872819
80471068,TB,311,9,597167.000000698,6642758.99993006,59.910861307893214,10.737501590030313
80471084,TB,311,9,597207.000000699,6642777.99993006,59.91102241286669,10.738225386687853
80469144,TB,311,8,597623.000000702,6642519.99993005,59.90860855859909,10.745538570747076
80471076,TB,311,8,597170.000000698,6642775.99993006,59.91101318048577,10.737563180766449
80469136,TB,311,3,597608.000000702,6642516.99993006,59.90858518249616,10.745269096378626
80469179,TB,239,6,597592.900000702,6642519.49993006,59.908611193218356,10.745000426155348
80471106,TB,311,7,597182.000000698,6642797.99993006,59.911207808909396,10.737787967489034
80471092,TB,239,,597209.000000699,6642783.99993006,59.911075793025006,10.738263946625937
80471025,TB,311,7,597260.200000699,6642865.29993006,59.911793410739975,10.739217173456808
80471041,TB,311,6,597220.000000699,6642881.99993006,59.9119527748327,10.738506537229942
80471033,TB,311,9,597243.000000699,6642838.99993006,59.91156141726182,10.738897419185404
80469306,TB,311,3,597494.000000701,6642612.99993005,59.909473763331945,10.74327701022667
80471203,TB,311,8,597261.000000699,6642893.99993006,59.91205081161547,10.739244948151734
80471211,TB,311,8,597116.000000698,6642819.99993006,59.91142080963526,10.736618716460832
80469314,TB,311,4,597515.000000701,6642613.99993006,59.90947777465618,10.743652776388961
80469225,TB,511,14,597554.000000701,6642607.99993005,59.909414701800664,10.744346928064916
80471114,TB,311,8,597178.600000698,6642822.59993006,59.91142940118737,10.737738743190555
80469217,TB,311,2,597560.000000702,6642578.99993006,59.909153001303,10.744440498206124
80471173,TB,311,9,597259.000000699,6642884.99993006,59.91197050602956,10.739204976794268
80469268,TB,311,7,597525.000000701,6642597.99993006,59.909331806897136,10.743823956310807
80471181,TB,329,4,597234.000000699,6642925.99993006,59.91234438550252,10.738777409220615
80469233,TB,311,1,597546.000000701,6642583.99993006,59.90920118829937,10.7441926580186
80469462,TB,143,8,597221.000000699,6642729.99993006,59.910588301258436,10.738453067606551
80469489,TB,311,9,597156.000000698,6642762.99993006,59.910899800052775,10.737306873965165
80469470,TB,311,8,597193.000000699,6642745.99993006,59.91073850393979,10.73796016264995
80471289,TB,311,4,597171.000000698,6642887.09993006,59.91201009550834,10.737633172458798
80469438,TB,311,3,597328.0000007,6642687.99993006,59.91018610738743,10.74034562144954
80471270,TB,311,7,597165.000000698,6642871.99993006,59.91187598269932,10.737518853125712
80469411,TB,311,8,597356.0000007,6642672.99993006,59.91004487109857,10.740838977294654
80471238,TB,311,6,597139.000000698,6642825.69993006,59.9114665525333,10.737032452950535
80469454,TB,239,6,597428.0000007,6642607.99993006,59.90944448104491,10.742095157920643
80471262,TB,239,2,597149.000000698,6642856.99993006,59.911745122791615,10.7372258567162
80469446,TB,239,1,597316.0000007,6642715.99993006,59.9104402454679,10.740144315866392
80471254,TB,239,6,597134.000000698,6642844.99993006,59.911640952490515,10.73695214188147
80469608,TB,311,1,597260.000000699,6642664.99993006,59.909995716049494,10.739119551589782
80469594,TB,311,3,597265.000000699,6642673.99993006,59.91007531430227,10.739213135014648
80469624,TB,239,1,597247.000000699,6642671.99993006,59.91006160783937,10.73889050770196
80469616,TB,531,3,597242.000000699,6642683.99993006,59.910170489588,10.738806782876562
80469683,TB,311,4,597587.000000702,6642446.99993005,59.90796188536372,10.744860839528236
80469500,TB,311,9,597143.000000698,6642774.99993006,59.91101056500889,10.737080165087127
80469497,TB,239,4,597399.0000007,6642618.99993006,59.9095500571602,10.741582064428645
80469519,TB,311,6,597368.0000007,6642630.99993006,59.9096650786297,10.741033694994407
80469551,TB,311,5,597342.0000007,6642645.99993006,59.909805843660045,10.740576088434796
80469578,TB,322,6,597292.000000699,6642661.99993006,59.90996124383782,10.739690031580286
80469810,TB,311,7,597690.000000702,6642593.99993005,59.9092568630087,10.746770803052701
80469802,TB,311,6,597712.000000703,6642584.99993005,59.909170875401294,10.747159721485572
80469837,TB,311,8,597657.200000702,6642627.19993006,59.909562606666164,10.746200282462633
80469845,TB,311,5,597725.500000703,6642681.79993006,59.91003647755846,10.747446644265752
80469861,TB,511,6,597705.000000702,6642713.99993006,59.9103303356041,10.74709546626844
80469713,FA,511,7,597591.000000702,6642461.99993005,59.90809556743869,10.744939386605868
80469691,TB,311,1,597576.000000702,6642452.99993005,59.90801833874421,10.74466709101962
80469756,FA,511,8,597599.000000702,6642472.99993006,59.90819240221904,10.745087532119564
80469764,TB,322,5,597605.000000702,6642485.99993006,59.908307660492305,10.74520087960191
80469969,TB,322,4,597756.000000703,6642754.99993005,59.91068623545418,10.74802626792153
80469942,TB,146,7,597747.000000703,6642804.99993006,59.91113712857389,10.747889015709136
80469977,TB,311,4,597758.000000703,6642824.99993006,59.91131402571554,10.74809504734939
80470002,TB,311,5,597784.000000703,6642881.99993005,59.9118194491157,10.748586632143788
80469985,TB,311,4,597778.000000703,6642766.99993005,59.910788723353434,10.748425112247224
80469896,TB,143,6,597733.000000703,6642770.99993006,59.91083528905526,10.747622764935137
80469888,TB,142,4,597730.000000703,6642699.99993005,59.91019876018325,10.747535652223833
80469918,TB,311,4,597752.000000703,6642730.99993005,59.910471778506434,10.747943455108606
80488408,TB,311,5,597220.200000699,6643307.79993006,59.91577438699673,10.738709998593533
80488416,TB,311,4,597185.500000699,6643293.29993006,59.91565242489737,10.738082942931964
80472919,TB,322,3,598124.000000706,6643131.99993005,59.91398249559939,10.754781681484642
80472986,TB,322,3,598141.000000706,6643125.99993005,59.91392459959777,10.755082688104315
80473028,TB,239,3,598150.000000706,6643105.99993005,59.91374295453522,10.755234071017124
80477694,TB,311,9,598177.000000706,6643061.79993005,59.91333982591335,10.755695699714355
80477708,FA,511,6,597999.000000705,6643068.99993006,59.91344678053208,10.752517676886693
80477724,TB,211,6,598025.000000705,6643120.99993005,59.9139073109608,10.753006994110102
80475780,TB,311,6,597763.000000703,6642911.99993006,59.912093683231866,10.748225471026885
80475799,TB,511,16,597873.500000704,6642993.49993005,59.912798954984844,10.75023890123864
80474458,TB,311,9,597797.000000703,6642964.99993006,59.91256130839446,10.748858163544082
80472870,TB,142,5,598104.000000706,6643138.99993005,59.914050079716844,10.754427526828716
80482000,TB,322,9,597836.000000704,6643038.99993005,59.91321622343728,10.749590159372412
80482019,TB,311,10,597828.000000703,6643025.99993005,59.91310144355794,10.74944103349241
80485905,TB,311,6,596588.000000694,6643177.99993006,59.91475794854248,10.72734904598425
80482205,TB,311,7,597943.000000704,6643104.99993006,59.9137831896589,10.751533798856524
80482213,TB,311,6,597958.000000705,6643066.99993005,59.91343857025362,10.751783926916628
80482256,TB,531,3,597969.000000705,6643089.99993005,59.91364238663643,10.751991412791327
80482221,TB,311,5,597978.000000705,6643041.99993005,59.91320943997578,10.75212956517903
80482183,TB,322,6,597934.000000704,6643093.99993006,59.913686599856106,10.751367736091066
80482353,TB,143,5,598001.000000705,6643099.99993005,59.91372453584192,10.752568092569415
80486367,TB,311,11,596591.000000694,6642963.99993006,59.912836532053845,10.727302859329887
80482345,TB,322,5,597982.000000705,6643128.99993006,59.91398933040653,10.752242218073588
80486308,TB,311,5,596604.000000694,6643204.99993006,59.914996533943146,10.727647628642256
80486294,TB,322,6,596652.000000694,6643209.99993006,59.915030163829286,10.728507929853286
80482329,TB,321,5,597976.000000705,6643105.99993005,59.91378432667445,10.752124095705312
80486480,TB,311,8,597046.000000697,6642945.99993006,59.91256816852402,10.735426688579585
80486464,FA,311,7,596994.000000697,6643026.99993006,59.91330739706461,10.734535228260523
80486472,TB,311,7,597031.000000697,6643004.99993006,59.91310123816352,10.735186235237373
80486456,TB,311,10,596925.000000697,6642995.99993006,59.91304538497138,10.733287458139467
80486413,TB,641,4,597040.000000697,6643414.99993006,59.91677897670208,10.735539221939264
80486448,TB,619,3,596991.000000697,6643442.99993006,59.917041811703804,10.734676452163141
80486499,TB,329,8,597037.300000697,6642919.99993006,59.9123368586587,10.735259012652346
80486502,TB,311,8,597027.145000697,6642906.85493006,59.91222126786507,10.735071356223303
80486898,TB,329,9,597006.000000697,6642849.99993006,59.91171595282094,10.734666808872973
80481284,TB,511,5,597811.000000703,6642879.99993005,59.9117950967829,10.749068243063672
80481268,TB,311,9,597820.000000703,6642989.99993005,59.91278023401,10.749281045710255
80481276,TB,311,6,597802.000000703,6642866.99993005,59.9116805533726,10.748901253089313
80481616,TB,322,5,598120.000000706,6643093.99993005,59.91364239087436,10.75469218369977
80481624,TB,322,4,598129.000000706,6643101.99993005,59.91371205094545,10.754856834363155
80481403,FA,311,7,597963.000000705,6643032.99993005,59.91313222645317,10.751857211058361
80490356,TB,311,5,597085.000000698,6642879.99993006,59.91196662311321,10.736092797121653
80490364,TB,329,4,597325.0000007,6643339.99993006,59.91603866993617,10.740598394094302
80490399,FA,311,9,596805.000000696,6643171.99993006,59.91465321748694,10.73122493688896
80490542,TB,311,4,597264.000000699,6643296.99993006,59.9156671263952,10.739487834868255
80490526,TB,311,4,597218.000000699,6643278.99993006,59.91551641865638,10.738657153163347
80488491,TB,311,7,596587.000000694,6643149.99993006,59.91450687441791,10.727318112395807
80488505,TB,311,6,596612.000000694,6643123.99993006,59.91426766098232,10.727752834578537
80488432,TB,329,5,596624.000000694,6643180.99993006,59.91477644149711,10.727993916960845
80488467,TB,311,6,596613.000000694,6643162.99993006,59.91461746324876,10.727788903023859
80488556,TB,311,5,596587.000000694,6643077.99993006,59.91386065295146,10.727284532184655
80488564,TB,322,9,596550.000000694,6643099.99993006,59.9140667730906,10.726633460738032
80490569,TB,311,4,597239.000000699,6643327.99993006,59.91595125438151,10.739055527679847
80488580,TB,311,10,596907.000000697,6642970.99993006,59.91282523284774,10.732954042575264
80488807,TB,329,7,596821.000000696,6643156.99993006,59.91451483233942,10.731503909634627
80487657,TB,322,11,596805.000000696,6643093.99993006,59.91395314568563,10.731188475925874
80489439,TB,619,4,596876.000000696,6643482.99993006,59.91742785477134,10.73263949883494
80489463,TB,181,3,596948.000000697,6643491.99993006,59.917491711056414,10.733930754806284
80487649,TB,311,11,596793.000000696,6642987.19993006,59.91299740208391,10.730924076677708
80487681,TB,311,10,596719.000000695,6643090.99993006,59.913946397037996,10.729649932412986
80487673,TB,311,9,596786.000000695,6643142.99993006,59.91439739376852,10.730871775141868
80487665,TB,311,10,596772.000000695,6643037.99993006,59.91345827436073,10.730572475365504
80487916,TB,311,3,597055.000000698,6642984.99993006,59.91291608595088,10.735605820686672
80489765,TB,322,5,597192.000000699,6643503.99993006,59.91754197673385,10.738298028689684
80487835,TB,621,3,597031.000000697,6643273.09993006,59.915507505458805,10.735311850655203
80487738,TB,511,5,597207.000000699,6643140.99993006,59.914280427909475,10.738395755161998
80489668,TB,319,6,597302.000000699,6643378.99993006,59.916394131504056,10.740205600862192
80487711,TB,511,6,597223.000000699,6643118.99993006,59.91407920101719,10.738671408467534
80489641,TB,322,7,597318.0000007,6643366.99993006,59.916282653188496,10.740485960337326
80489676,TB,311,10,597293.000000699,6643393.99993006,59.916530883482096,10.740051774311583
80487827,TB,311,7,597113.500000698,6643184.59993006,59.9146937763585,10.73674499536882
80487959,TB,311,4,597300.000000699,6643316.99993006,59.91583813886058,10.740140717259765
80487940,TB,321,10,596833.000000696,6643052.99993006,59.91357858609605,10.731669770245999
80487983,TB,311,5,597277.000000699,6643325.99993006,59.915924341989275,10.739733827890703
80487991,TB,311,4,597274.000000699,6643363.99993006,59.916266108633074,10.739698055068898
80487967,TB,181,1,597297.000000699,6643288.99993006,59.9155875400799,10.740073936897282
80487924,TB,311,8,596954.000000697,6643048.99993006,59.913514258031384,10.733830592749188
80487932,TB,311,9,596861.000000696,6643072.99993006,59.913751516618575,10.732179582944621
80488122,TB,239,3,597184.000000699,6643459.99993006,59.917148951550594,10.738134371238415
80488130,TB,311,7,597225.000000699,6643348.99993006,59.91614303532064,10.738815141545597
80490100,TB,311,10,596905.000000696,6643045.99993006,59.913498848227626,10.732953388362526
80490089,TB,322,9,596866.000000696,6643094.99993006,59.91394779835588,10.732279241048122
80488149,TB,311,9,597161.400000698,6643439.39993006,59.91696938707414,10.737720720614238
80488157,TB,311,4,597207.000000699,6643364.99993006,59.91629088251712,10.738500905580802
80490097,TB,531,9,596915.000000697,6643086.99993006,59.913864484614386,10.733151309419394
80488114,TB,239,4,597174.000000698,6643437.99993006,59.91695385278638,10.737945292282484
80488092,TB,311,4,597244.000000699,6643344.99993006,59.916102654451905,10.739152884976805
80488106,TB,311,4,597167.000000698,6643420.99993006,59.91680292308937,10.737812187497322
80488351,TB,511,3,597242.000000699,6643264.99993006,59.915385106857016,10.739079566891776
80488270,FA,511,7,597285.000000699,6643248.99993006,59.91523136160134,10.739840650410148
80490119,TB,311,8,596943.000000697,6643005.99993006,59.913130907181305,10.733613856957808
80490127,TB,661,4,596933.000000697,6643026.99993006,59.9133217382359,10.733444952872562
80490135,TB,311,11,596801.000000696,6642928.99993006,59.91247316309301,10.731039861106675
80490194,TB,311,6,597270.000000699,6643204.99993006,59.914839989300596,10.739551867676147
80490143,FA,511,9,597320.5000007,6643297.59993006,59.91565918203836,10.740498030133999
80490704,TB,311,8,597141.000000698,6643017.99993006,59.91319202289001,10.737158387379045
80490798,TB,311,8,596990.000000697,6643074.99993006,59.91373915046912,10.734486213983624
80490801,TB,531,8,596949.000000697,6643098.99993006,59.91396419681157,10.733764631613694
80490828,FA,511,8,596925.000000697,6643120.99993006,59.91416729377878,10.733345958726117
80490755,TB,523,6,597069.000000698,6643047.99993006,59.91347823255499,10.7358855718245
80490771,TB,311,8,597011.200000697,6643066.89993006,59.9136614647031,10.734861339803711
80490763,TB,311,8,597049.000000697,6643047.99993006,59.91348293924,10.735528103023947
80490917,TB,329,6,597096.000000698,6643029.99993006,59.913310322380234,10.736359715700912
80490259,TB,511,7,597227.000000699,6643160.99993006,59.914455218284694,10.73876262174774
80490933,TB,311,4,597088.000000698,6643013.99993006,59.91316860156603,10.7362092284797
80490844,TB,311,10,596865.000000696,6643136.99993006,59.91432499476237,10.73228101208727
80490852,TB,329,10,596829.000000696,6643181.99993006,59.91473733604971,10.731658591277995
80491069,TB,311,9,597044.000000697,6642834.99993006,59.91157238493155,10.735338935995435
80491018,TB,239,4,597072.000000698,6642977.99993006,59.91284925835981,10.735906383149048
80490984,TB,311,8,597100.000000698,6642967.99993006,59.9127529147664,10.736402141570169
80490976,TB,322,2,597082.000000698,6642995.99993006,59.91300845928871,10.736093551447674
80491271,TB,311,5,597223.000000699,6643390.99993006,59.91652046694998,10.738799112259207
80491301,TB,311,4,597196.000000699,6643343.99993006,59.916104995177726,10.738294424026089
80491328,TB,311,1,597221.000000699,6643336.99993006,59.91603627545303,10.738738007987982
80491298,TB,641,3,597155.000000698,6643353.99993006,59.91620440894636,10.7375662478894
80491077,TB,311,16,597027.000000697,6643648.99993006,59.91888224530863,10.735416505005897
80491263,TB,511,5,597195.000000699,6643406.99993006,59.91667067117789,10.738306121394956
80491115,TB,143,8,597007.000000697,6643610.99993006,59.91854589127656,10.735041172395938
80491131,TB,143,5,597036.000000697,6643593.99993006,59.91838648853305,10.735551613279844
80491409,TB,330,4,597129.000000698,6643211.99993006,59.914936048043884,10.73703489501332
80491379,TB,311,5,597148.000000698,6643235.99993006,59.91514697875173,10.737385764031483
80491360,TB,311,4,597154.000000698,6643268.99993006,59.91544174850699,10.737508492419497
80491611,TB,111,2,596798.000000696,6643620.99993006,59.91868475957844,10.731309722082782
80491484,TB,319,5,596580.000000694,6643032.99993006,59.91345840376573,10.727138430771573
80491476,TB,322,5,596607.000000694,6643061.99993006,59.9137123638424,10.727634542996936
80489293,TB,672,6,597137.600000698,6643502.69993006,59.91754312713751,10.737324985761644
80489404,TB,311,4,597039.000000698,6643547.99993006,59.91797292089258,10.73558368105603
80489382,TB,311,4,597068.000000698,6643553.99993006,59.91801994686679,10.736104893802144
80489390,TB,311,7,597081.000000698,6643520.99993006,59.91772070321675,10.73632180653193
80653379,FA,311,9,597531.000000701,6643003.99993005,59.91297432879303,10.744122347857264
80653255,TB,311,3,597856.000000704,6642636.99993005,59.90960345038326,10.749757707237018
80653263,TB,311,4,597839.000000703,6642603.99993005,59.90931130135926,10.74943831117662
80653344,TB,181,,597801.000000703,6642573.99993005,59.90905105657358,10.748745047727747
80653387,TB,311,4,597805.000000703,6642640.99993005,59.90965144674992,10.74884816296958
80653670,TB,322,11,598040.000000705,6643144.99993005,59.91411914967827,10.753286458278412
80653743,TB,511,9,597289.000000699,6643275.99993006,59.91547274937812,10.739924832905434
80653727,TB,311,6,596575.000000694,6643127.99993006,59.91431222806543,10.727093364015232
80653832,TB,181,1,597116.000000698,6642970.99993006,59.9127760733946,10.736689516906436
80653808,TB,311,16,596944.700000697,6642879.39993006,59.91199423835075,10.733584984431317
80662246,TB,319,,597169.000000698,6642620.99993006,59.90962225152981,10.737472602155817
80659318,TB,661,3,596741.000000695,6642997.99993006,59.91310653552057,10.729999713217149
80690924,FA,511,6,597332.0000007,6642610.99993006,59.9094940699154,10.740380929865033
80689543,FA,669,2,596676.000000695,6643041.99993006,59.91351668964079,10.72885848745864
80689527,TB,311,11,596721.500000695,6642948.79993006,59.91266952476456,10.729628207612325
80689489,FA,311,10,597095.700000698,6642795.89993006,59.91120928507437,10.736244611259474
80689519,TB,621,9,597008.000000697,6643713.99993006,59.91947010725056,10.735107312636178
80700423,TB,999,1,597312.0000007,6642438.99993006,59.90795504637777,10.73994271427776
80707339,TB,511,23,596955.000000697,6643596.99993006,59.918432467667536,10.734105054835494
80716087,TB,533,1,598017.000000705,6643134.99993006,59.914034864798694,10.75287063210366
80719019,TB,311,8,597304.000000699,6643081.99993006,59.91372801453755,10.740101795704259
80719000,TB,619,8,597314.0000007,6643115.99993006,59.9140308131676,10.740296507320556
80734867,TB,311,9,597815.000000703,6643015.99993006,59.91301477493221,10.749203960258692
80740352,TB,319,,597478.000000701,6642626.99993006,59.909603197856576,10.742997658311793
80746695,TB,143,9,597382.5000007,6642691.09993006,59.9102010674642,10.741321081907687
80747624,TB,311,8,597231.500000699,6642747.69993006,59.91074468818877,10.73864903027233
80757794,FA,321,7,597772.800000703,6642997.19993006,59.91285604728939,10.748440841776743
80756836,TB,319,1,597332.0000007,6642438.99993006,59.90795032798529,10.740300122826325
80756992,TB,311,8,597118.000000698,6642921.99993006,59.91233581492524,10.73670228681971
80757077,TB,329,9,597068.000000698,6642900.99993006,59.912159104751645,10.735798804024755
80753756,TB,311,28,598108.000000706,6642863.99993005,59.91158095623849,10.754368756455696
80759363,TB,999,1,597075.000000698,6643094.99993006,59.91389865746751,10.736014842824048
80782896,TB,531,,596984.000000697,6643182.99993006,59.914709890002726,10.734429549903725
80782942,TB,319,,597592.000000702,6642874.99993006,59.91180209656812,10.745151822911694
80794215,TB,311,9,597254.300000699,6643440.99993006,59.916961848329436,10.739382085911002
80809255,TB,533,1,597208.000000699,6643076.99993006,59.91370577647689,10.738383588449167
80834519,TB,999,1,597170.000000698,6643042.99993006,59.91340957274606,10.737688441551919
80851626,TB,312,8,597507.000000701,6642530.99993006,59.90873472184941,10.743470741422023
80849842,TB,311,8,597244.000000699,6643379.99993006,59.91641678781893,10.739169322107388
80872771,TB,311,10,598068.000000705,6642818.99993005,59.91118658572573,10.753632561346269
80877412,TB,311,8,597240.000000699,6642809.99993006,59.911301842368154,10.738830187891232
80884761,TB,311,8,597641.400000702,6642565.29993006,59.90901078107182,10.745888742188372
80887418,TB,311,7,597708.000000703,6642568.99993005,59.90902821951023,10.747080691254572
80890966,FA,661,10,597210.000000699,6643219.99993006,59.91498876511895,10.738486460440647
80897022,TB,239,9,597691.000000702,6642413.99993006,59.90764108773616,10.74670379837822
80897049,TB,211,3,597700.000000702,6642394.99993005,59.907468427267425,10.74685567077592
80896980,TB,311,8,596998.600000697,6643583.79993006,59.91830374036618,10.734878268854164
80911815,TB,311,7,597754.000000703,6642884.99993005,59.9118534859165,10.748051875107102
80921675,TB,311,6,597420.0000007,6643054.99993006,59.91345829913273,10.74216242272772
80929811,TB,322,9,597152.400000698,6643172.39993006,59.91457511639526,10.737434573486114
80939078,TB,219,1,597488.000000701,6642369.99993006,59.90729420025289,10.743055439262337
80937717,TB,511,7,598008.000000705,6643055.99993006,59.91332796459952,10.752672384297435
80943970,TB,311,8,597105.000000698,6642905.99993006,59.912195271667464,10.736462438922686
80958234,TB,612,1,596765.000000695,6643502.99993006,59.917633422378685,10.730664653640414
80980310,TB,319,6,597434.0000007,6642579.99993006,59.90919175730196,10.742189216208942
81006334,TB,311,8,597676.000000702,6642534.99993005,59.90873064068075,10.746492790934546
81008442,TB,239,,597389.0000007,6642522.99993006,59.908690795378,10.741358222416943
81006148,TB,431,10,597825.000000703,6642715.99993005,59.910319844110816,10.749241005266736
81027889,TB,239,,597257.000000699,6642995.99993006,59.91296722972874,10.73922135387274
81043183,TB,239,7,598159.000000706,6643116.99993005,59.91383953941553,10.755400145214272
81046212,TB,143,7,597103.000000698,6643590.99993006,59.918343790597376,10.736747902847066
81053901,TB,511,34,598194.000000706,6642960.99993005,59.91243108236847,10.75595175364232
81053030,TB,311,7,597368.0000007,6643132.99993006,59.91417064686783,10.741269678986118
81052581,TB,311,6,597737.000000703,6642793.99993006,59.91104077099279,10.747705104789956
81058687,FA,311,8,597484.000000701,6642448.99993006,59.908004188869135,10.743021129088973
81059004,TB,239,2,597038.000000697,6642290.99993006,59.90669125071419,10.734976890256812
81059861,TB,311,9,596998.000000697,6643642.99993006,59.91883521667449,10.734895279642268
81069999,TB,311,13,598012.000000705,6642977.99993005,59.91262695010279,10.752706965020717
81071403,TB,533,2,597576.000000702,6643008.99993006,59.91300856110394,10.744928992157575
81084491,FA,669,9,598117.000000706,6643022.99993005,59.91300586757494,10.754604927407945
81089221,TB,311,10,597283.000000699,6643406.99993006,59.91664992072197,10.739879131720588
81089213,TB,311,10,597275.000000699,6643418.99993006,59.916759510730564,10.739741768437222
81085617,FA,311,8,597162.000000698,6643001.99993006,59.91304347220122,10.737526219885662
81087725,TB,311,8,597258.000000699,6643371.99993006,59.9163416843337,10.739415814247671
81091579,TB,511,10,597133.000000698,6642954.99993006,59.91262846605791,10.736985855084264
81092877,FA,311,6,597219.000000699,6642972.99993006,59.91276975806419,10.738531378490707
81100322,TB,311,8,597189.000000699,6643152.99993006,59.91439237308989,10.738079657553053
81098794,TB,531,4,598331.000000707,6643047.99993005,59.91317928145081,10.758441613032165
81098069,TB,239,6,597289.000000699,6643352.99993006,59.91616384254564,10.739961010201968
81097607,TB,449,3,597544.000000701,6642265.99993005,59.90634753897939,10.744007201447507
81104093,TB,311,7,597305.0000007,6643345.99993006,59.91609724092225,10.740243718181508
81107297,TB,319,1,597351.0000007,6642307.99993006,59.90677008760242,10.74057810982882
81123799,TB,311,7,597641.200000702,6642784.19993006,59.91097550305197,10.745988344913387
81129177,TB,449,4,597961.000000705,6642834.99993005,59.91135561499666,10.751727818581152
81129762,TB,311,9,597101.000000698,6643580.99993006,59.91825450908689,10.736707460666885
81139695,TB,311,9,597233.000000699,6643415.99993006,59.91674249020848,10.73898960247916
81138206,TB,311,7,597552.000000701,6642417.99993005,59.9077098819834,10.744221721401011
81142149,TB,181,1,596663.000000695,6643165.99993006,59.91463267290995,10.728684009268296
81141746,FA,311,9,597993.000000705,6642891.99993005,59.91185959914248,10.752326693459178
81146632,TB,511,9,597087.000000698,6642929.99993006,59.912414915292295,10.736151979374565
81166242,TB,211,2,596950.000000697,6642430.99993006,59.90796847963345,10.733469855567652
81185921,TB,311,5,596671.000000695,6643161.99993006,59.91459489659069,10.728825135017976
81183996,TB,239,2,597293.000000699,6641941.99993005,59.903498827734104,10.739369823900812
81183198,TB,219,5,597177.000000698,6642938.99993006,59.912474497454106,10.737764758492194
81186812,TB,181,,597122.900000698,6642761.19993006,59.9108914398034,10.736714465384988
81187312,TB,239,1,597006.000000697,6642606.99993006,59.90953496259689,10.734553012541708
81217211,FA,329,2,598045.000000705,6642726.99993005,59.91036633701663,10.753177959188902
81217610,IG,621,9,597027.000000697,6643698.99993006,59.91933100795351,10.73543993891724
81218277,TB,533,1,597576.000000702,6642971.99993006,59.912676478101055,10.744911560632744
81352828,TB,181,,596705.000000695,6643644.99993006,59.91892198762706,10.729658437542824
81352801,TB,111,1,596770.000000695,6643592.99993006,59.918440023924454,10.73079609840396
81352747,TB,181,1,596565.000000694,6643728.99993006,59.91970872218629,10.727194917656929
81405972,TB,669,4,597222.200000699,6642554.69993006,59.90901465685086,10.738392243087565
81405700,TB,143,6,597368.9000007,6642783.39993006,59.91103269245746,10.741121413319204
81405689,TB,181,,597169.000000698,6642926.99993006,59.91236867924334,10.737616145720716
81405778,TB,181,,597412.0000007,6642504.99993006,59.90852381042193,10.741760787591334
81405735,TB,311,,597608.000000702,6642656.99993005,59.90984171321873,10.745335058307123
81405743,TB,311,,597608.000000702,6642564.99993006,59.9090159930618,10.745291711241038
81405654,TB,181,,597073.000000698,6642814.99993006,59.91138605556877,10.735847863008438
81405662,TB,181,,597203.000000699,6642908.99993006,59.91219911328681,10.738215374120761
81405646,TB,311,,597083.000000698,6642781.99993006,59.9110875183539,10.736011119372256
81410593,TB,329,8,597126.000000698,6643024.99993006,59.91325838235038,10.736893571016033
81410623,TB,511,7,597085.000000698,6643044.99993006,59.91344754073812,10.736170140462752
81410631,TB,661,4,596982.000000697,6643142.99993006,59.91435134976084,10.734375069265475
81406006,TB,531,2,597062.000000698,6642483.99993006,59.908417831597596,10.735496179423068
81405980,TB,249,,597165.000000698,6642592.99993006,59.90937188658005,10.737387983972281
81405999,TB,531,2,597102.000000698,6642596.79993006,59.90942082757688,10.736263877921937
81410038,TB,239,,597022.000000697,6643567.99993006,59.91815642622009,10.735289163852599
81410135,TB,322,,597170.000000698,6643526.99993006,59.917753592028916,10.73791555982129
81410143,TB,311,6,597165.000000698,6643503.99993006,59.917548339615834,10.737815387411196
81410216,TB,621,1,597115.000000698,6643289.99993006,59.91563941467883,10.736821236285731
81410224,TB,621,2,597080.000000698,6643219.99993006,59.91501938754252,10.736162808762575
81410194,TB,621,2,597003.000000697,6643353.99993006,59.916240191049475,10.734849261695503
81410208,TB,621,,596960.000000697,6643272.99993006,59.91552330709484,10.73404271121842
81410062,TB,181,,596986.000000697,6643470.99993006,59.91729429495463,10.734600190997865
81410119,TB,311,,597176.000000698,6643490.99993006,59.917429069386635,10.738005917591511
81410127,TB,181,6,597163.000000698,6643478.99993006,59.91732442976911,10.737767904197161
81410097,TB,311,4,597095.000000698,6643457.99993006,59.91715196625461,10.73654252254768
81410259,TB,239,,597212.000000699,6643328.99993006,59.91596659517727,10.738573379154767
81410240,TB,311,3,597177.900000699,6643268.09993006,59.91542803965882,10.737935269983415
81410275,TB,181,,597246.000000699,6643407.99993006,59.91666762286922,10.739218222313845
81405891,TB,181,,597238.000000699,6642433.99993006,59.90792761974273,10.738617954972028
81405905,TB,319,3,597190.000000698,6642415.99993006,59.907777376680485,10.737751730374876
81405867,TB,239,,597276.000000699,6642464.99993006,59.9081968935326,10.73931158603192
81405883,TB,181,,597243.000000699,6642422.99993006,59.907827713353505,10.738702144248641
81405948,TB,821,,597197.000000699,6642523.99993006,59.90874505508459,10.737927490152153
81405956,TB,651,,597259.000000699,6642639.99993006,59.90977157063413,10.739089942695704
81405913,TB,239,,597113.000000698,6642543.99993006,59.90894434421192,10.736435710810952
81405921,TB,181,,597180.000000698,6642489.99993006,59.908443901609715,10.737607736849675
81405816,TB,319,,597371.0000007,6642424.99993006,59.907815470948435,10.740990489593138
81405824,TB,319,,597336.0000007,6642412.99993006,59.907716027823646,10.740359389765707
81405786,TB,181,,597355.0000007,6642531.99993005,59.90877959818003,10.74075484390659
81405808,TB,311,5,597327.0000007,6642463.99993006,59.908175888806014,10.740222514762847
81405859,TB,999,,597274.000000699,6642480.99993006,59.90834096913986,10.739283357114797
81405832,TB,319,,597304.000000699,6642424.99993005,59.907831279998376,10.739793175782381
81405840,TB,181,,597300.000000699,6642398.99993006,59.90759886702695,10.73970948418014
81405964,TB,181,,597281.000000699,6642576.99993006,59.90920094224409,10.739453529741645
81415528,TB,181,,596347.000000692,6643387.99993006,59.91669913778966,10.723139063668345
81415803,TB,311,,596560.000000694,6643134.99993006,59.91437856742448,10.726828518324986
81415862,TB,311,5,596683.000000695,6643146.99993006,59.91445745422516,10.729032621247052
81415773,TB,322,11,596623.000000694,6642998.99993006,59.91314317201338,10.7278911291422
81415781,TB,319,9,596641.000000694,6643012.99993006,59.91326460881957,10.728219381762596
81415994,TB,181,,596619.000000694,6643433.99993006,59.91704836196489,10.728022596470895
81416001,TB,311,5,596593.000000694,6643437.99993006,59.91709035414476,10.72755970123894
81415978,TB,181,,596549.000000694,6643469.99993007,59.91738786777386,10.726788102700667
81415986,TB,181,,596543.000000694,6643459.99993006,59.91729951956958,10.726676186117782
81416044,TB,181,,596575.000000694,6643382.99993006,59.916600928826334,10.727212289791426
81416052,TB,181,,596458.000000693,6643359.99993006,59.91642188047296,10.72511017520805
81416028,TB,181,,596610.000000694,6643418.99993006,59.916915841200954,10.727854718664501
81416036,TB,181,,596577.000000694,6643381.99993006,59.91659148514612,10.727247573763483
81415919,TB,243,,596787.000000695,6643511.99993006,59.91770903674122,10.731062126660893
81415897,TB,243,1,596799.000000696,6643498.99993006,59.91758954142208,10.731270557846473
81415900,TB,319,2,596795.700000696,6643518.69993006,59.917767128973466,10.731220778094908
81415951,TB,319,2,596664.000000695,6643502.99993006,59.917657110735554,10.728859204394725
81415935,TB,181,,596786.000000695,6643529.99993006,59.917870826413065,10.73105266538216
81415943,TB,181,,596648.000000694,6643496.99993006,59.917607009354654,10.728570391560456
81416060,TB,181,,596504.000000693,6643490.99993006,59.917586882668985,10.725993487379286
81416079,TB,641,2,596349.000000692,6643334.99993006,59.91622297883664,10.723150152433492
81433445,TB,181,,597785.000000703,6642534.99993005,59.90870481673039,10.748440704725962
81433453,TB,311,4,597748.000000703,6642550.99993005,59.908857189214864,10.747787035769168
81435073,TB,999,1,596778.000000695,6642716.99993006,59.91057579984495,10.73052973127718
81433518,TB,311,,597886.000000704,6642842.99993005,59.911445222277784,10.750391187385969
81433569,TB,311,6,597771.000000703,6642856.99993005,59.91159815086357,10.748342489941876
81433534,TB,239,,597785.000000703,6642657.99993005,59.90980876685292,10.748498762241386
81435049,TB,181,,596833.000000696,6642694.99993006,59.91036543553261,10.731502402792442
81435057,TB,999,,596819.000000696,6642664.99993006,59.910099463347414,10.731238176021217
81435022,TB,533,,596853.000000696,6642746.99993006,59.91082745454131,10.731884151865374
81432732,TB,322,,597800.000000703,6643007.99993005,59.91294653052301,10.748932086636188
81432724,TB,322,1,598073.000000705,6643090.99993005,59.91362664435529,10.753850715441297
81440964,TB,319,2,597417.0000007,6642184.99993005,59.905650553134926,10.74169968852189
81441014,TB,311,,597461.000000701,6642325.99993006,59.90690566953699,10.742552251311036
81441022,TB,319,,597336.0000007,6642216.99993006,59.90595687951055,10.740267315740414
81440999,TB,329,4,597431.0000007,6642264.99993006,59.90636526628392,10.741987472665842
81440883,TB,181,,597389.0000007,6642230.99993005,59.90607002497679,10.741220970986156
81440921,TB,311,4,597492.000000701,6642232.99993005,59.90606364798674,10.743062459163843
81440891,TB,311,2,597385.0000007,6642212.99993006,59.905909414827924,10.741141033830838
81440913,TB,319,3,597445.0000007,6642228.99993005,59.906038851106636,10.742220716698064
81440905,FA,311,2,597383.0000007,6642195.99993006,59.9057573077791,10.74109730588521
81441189,TB,329,3,597361.0000007,6641865.99993005,59.90280066821363,10.740549147984488
81441170,FA,311,2,597467.000000701,6641968.99993006,59.90370009211145,10.74249155652062
81441197,TB,319,,597426.0000007,6641832.99993005,59.90248914223677,10.74169503295935
81441227,TB,411,2,597536.000000701,6641825.99993005,59.90240032772808,10.743657159588983
81441235,TB,239,1,597577.000000702,6642119.99993005,59.905029351797,10.744528145734742
81441200,TB,999,,597421.0000007,6641875.99993005,59.902876258384204,10.741625907222174
81441219,FA,231,1,597411.0000007,6641767.99993005,59.90190929266978,10.741396472435301
81441057,TB,319,2,597386.0000007,6642160.99993006,59.905442466079556,10.741134464794301
81441030,TB,319,4,597331.0000007,6642178.99993005,59.90561699970614,10.740160120113492
81441049,TB,319,,597337.0000007,6642152.99993005,59.90538222768326,10.74025512226192
81441111,TB,311,2,597285.000000699,6642081.99993006,59.90475724984642,10.739292599763871
81441103,TB,319,5,597336.0000007,6642025.99993005,59.904242606892254,10.740177601487595
81441073,TB,181,,597359.0000007,6642110.99993006,59.905000076217185,10.740628508657979
81441081,TB,319,,597369.0000007,6642047.99993006,59.90443227571321,10.740777596163108
81441294,TB,181,,597270.000000699,6642352.99993006,59.9071930802709,10.73915178139626
81441308,TB,181,,597248.000000699,6642283.99993005,59.906578974466925,10.738726256064705
81441278,TB,311,2,597340.0000007,6642359.99993005,59.907239396007746,10.74040597124355
81441286,TB,311,1,597324.0000007,6642363.99993006,59.90727907198943,10.740121929428147
81441138,TB,319,4,597236.000000699,6642002.99993006,59.90405975567369,10.738379965160242
81441340,TB,319,2,597149.000000698,6642272.99993006,59.90650357171271,10.736951996669815
81441316,TB,319,,597156.000000698,6642329.99993006,59.90701351317709,10.737103811387058
81441324,TB,319,2,597163.000000698,6642302.99993006,59.906769532508385,10.737216239864413
81441375,TB,199,,597112.000000698,6642349.99993006,59.90720337850597,10.736326907112664
81441383,TB,199,,597124.000000698,6642226.99993006,59.90609659591446,10.736483693262151
81441359,TB,181,,597070.000000698,6642335.99993006,59.90708760956003,10.735569805409712
81441367,TB,181,,597096.000000698,6642355.99993006,59.907260996250834,10.73604379782521
81441413,TB,319,,597198.000000698,6642348.99993006,59.90717414958609,10.737863262133686
81441421,TB,319,3,597211.000000699,6642380.99993006,59.907458294632335,10.738110586201726
81441391,TB,199,,597134.000000698,6642200.99993006,59.905860884679306,10.736650200071209
81441405,TB,319,3,597180.000000698,6642353.99993006,59.907223266500964,10.737543946659876
81441448,FA,531,2,597018.000000697,6642369.99993006,59.90740500119933,10.734656485030154
81441456,TB,181,,597010.000000697,6642486.99993006,59.9084569894177,10.73456830625959
81576408,TB,619,,597069.000000698,6642411.99993006,59.90776996524567,10.735587541139992
81571880,TB,999,,597034.000000697,6642515.99993006,59.90871162749536,10.73501078679853
81571813,TB,999,,597078.000000698,6642819.99993006,59.911429755101366,10.735939567923964
81603049,TB,181,1,596573.000000694,6643143.99993006,59.91445630118204,10.727065077370899
81617791,FA,412,,596760.000000695,6643178.99993006,59.91472660484083,10.730423872225824
81617783,FA,412,,596775.000000695,6643213.99993006,59.915037220090845,10.730708340870502
81617775,FA,412,,596718.000000695,6643200.99993006,59.9149339130826,10.7296834322628
81617864,TB,533,1,597604.000000702,6642957.99993005,59.912544199912006,10.745405404795868
81618275,FA,311,16,597926.000000704,6643033.99993005,59.913149988313016,10.751196379000863
81621179,TB,239,,598217.000000707,6642949.99993005,59.912326879201025,10.756357609067146
81622116,FA,239,,598105.000000706,6642635.99993005,59.90953532997093,10.754207158920396
81655480,TB,311,4,598012.000000705,6642637.99993005,59.90957538828742,10.752546087494439
81655472,TB,511,10,598056.000000705,6642632.99993005,59.909520055313315,10.753330052528474
81655324,FA,311,7,597287.000000699,6643291.99993006,59.91561682497945,10.739896601024311
81696047,TB,181,1,597536.000000701,6642976.99993006,59.91273081546254,10.744198998197554
81716617,FA,311,5,597652.800000702,6642496.79993005,59.908393280164155,10.746060183021822
81724105,FA,182,1,597609.200000702,6642956.59993006,59.912530404017446,10.745497683803086
81737843,TB,143,9,597681.500000702,6642581.59993005,59.909147583281054,10.74661305225227
81737320,FA,999,1,597389.0000007,6642018.99993005,59.90416727308645,10.741121338517805
81739420,FA,181,1,597727.000000703,6642974.99993006,59.91266765252291,10.747611783779654
81746494,TB,311,8,598213.000000706,6642830.99993005,59.91125978725587,10.756229693236342
81753113,TB,999,1,596588.000000694,6643468.99993006,59.917369759393566,10.72748478533961
81755590,TB,419,1,597062.000000698,6642768.49993006,59.91097129453696,10.735629478289622
81756910,IG,193,1,597266.000000699,6642643.99993006,59.90980582107682,10.739216920690458
81755604,TB,419,1,597078.000000698,6642751.99993006,59.91081943732007,10.735907698933765
81755825,FA,419,1,597948.000000704,6642924.99993005,59.912166469061695,10.751538040064041
81757070,IG,419,1,597500.000000701,6642830.99993006,59.91142894459475,10.743486844944039
81762260,FA,419,1,597593.000000702,6643002.99993006,59.912950687553014,10.745230007542283
81764956,FA,311,9,598137.000000706,6642601.99993005,59.909222562179686,10.754762929054626
81767408,MB,311,2,597346.0000007,6642430.99993006,59.90787522258301,10.74054654994656
81770832,IG,419,1,597506.000000701,6642827.99993006,59.911400600573764,10.743592666308704
81770859,TB,661,5,598053.000000705,6642402.99993005,59.90745647645968,10.753167584643514
81785538,TB,533,1,597595.900000702,6642963.69993006,59.91259727539585,10.745263320637285
81792283,FA,419,1,598032.000000705,6643179.99993005,59.9144351824718,10.75316003733769
81791627,TB,641,1,597302.000000699,6642525.99993006,59.90873825169461,10.739804869615964
81791635,TB,311,5,597448.0000007,6642204.99993005,59.905822736774645,10.742263038211512
81787565,IG,999,1,597108.000000698,6643438.99993006,59.91697837538308,10.736765991758729
81792828,IG,999,1,597483.000000701,6642613.99993006,59.90948533827507,10.743080897407829
81792771,IG,999,1,597551.000000701,6642764.99993006,59.91082452126359,10.744367247653946
81792836,IG,999,1,597756.000000703,6642999.99993006,59.912885160097375,10.748141897190829
81791732,TB,319,1,597484.000000701,6642272.99993005,59.906424547813316,10.742938322480073
81793018,IG,532,1,597339.0000007,6643046.99993006,59.91340562224842,10.740710919053805
81791902,FA,419,1,597602.000000702,6642996.99993006,59.9128947065571,10.74538803761171
81792887,IG,999,1,597192.800000699,6643392.79993006,59.916543741250464,10.73826013067652
81791937,FA,419,1,597888.000000704,6643058.99993006,59.913383388739526,10.750529016476284
81789142,IG,999,1,597949.000000704,6642914.99993006,59.91207647972808,10.751551183657275
81789096,FA,533,1,597088.000000698,6643136.99993006,59.91427255810774,10.736266890312013
81789088,FA,533,1,597074.000000698,6643108.99993006,59.914024546444594,10.736003531462371
81789398,IG,999,1,597492.000000701,6642651.99993005,59.90982426994588,10.74325962163289
81789444,IG,999,1,597770.000000703,6642828.99993005,59.91134708225063,10.748311401258153
81789436,IG,999,1,597727.300000703,6642734.19993006,59.91050635197823,10.747503533539927
81789231,IG,999,1,598203.700000706,6643041.99993005,59.91315576109036,10.756163524874985
81798265,FA,311,8,597113.000000698,6642989.99993006,59.91294730963943,10.736644806617083
81798117,IG,449,2,597610.000000702,6642109.99993005,59.90493179338711,10.745113106207887
81793395,TB,311,,597308.0000007,6642944.99993006,59.912497463092876,10.740108922100541
81793387,IG,419,1,596776.000000695,6643216.99993006,59.9150639112715,10.730727617192667
81793379,IG,419,1,596756.000000695,6643242.99993006,59.915301961386014,10.730382278626609
81793360,IG,419,1,596898.000000696,6643152.99993006,59.914460847015185,10.73287833789565
81793352,IG,419,1,596900.000000696,6643164.99993006,59.914568080357334,10.732919700848578
81793344,IG,419,1,596902.000000696,6643175.99993006,59.91466633841297,10.732960596145544
81793336,IG,419,1,596903.000000696,6643187.99993006,59.91477380669326,10.732984085469894
81795126,TB,319,2,597445.0000007,6642126.99993005,59.905123376703706,10.742172751203878
81801096,TB,669,,597038.000000697,6643164.99993006,59.91453563294886,10.735386317067537
81801819,IG,419,1,596975.000000697,6643618.99993006,59.91862522028988,10.734472882100036
81801762,IG,419,1,596982.000000697,6643641.99993006,59.91883000489591,10.73460878992868
81802149,FA,419,1,597476.000000701,6641905.99993005,59.9031325258085,10.742622738929839
81802130,FA,419,1,597405.0000007,6641909.99993005,59.90318519425048,10.741356003283371
81802157,FA,419,1,597477.000000701,6641901.99993005,59.90309638859792,10.742638725452512
81804508,TB,311,6,597439.0000007,6643080.99993006,59.91368716661758,10.742514249254594
81805059,IG,419,1,597478.000000701,6642082.99993005,59.904720670632294,10.742741727303436
81805040,IG,419,1,597476.000000701,6642090.99993005,59.90479294506525,10.742709752948848
81805032,IG,419,1,597473.000000701,6642099.99993005,59.90487443098597,10.74266038007489
81813787,TB,671,1,597654.000000702,6642923.99993005,59.91222720740111,10.746283016221973
81817588,TB,419,,598043.000000705,6643176.99993005,59.914405642080304,10.753355228692095
81816417,TB,411,2,597579.000000702,6642133.99993006,59.905154531972755,10.744570475688551
81826765,TB,311,,597787.000000703,6642905.99993005,59.91203414267042,10.748651580069476
81826722,TB,649,,597197.000000698,6642283.99993005,59.90659099341046,10.737814900848957
81826714,TB,199,,597202.000000699,6642299.99993006,59.906733419492106,10.737911755242497
81826064,IG,999,1,596612.000000694,6643772.99993006,59.92009262496248,10.728055664958363
81830045,TB,321,,596688.000000695,6643126.99993006,59.91427677624927,10.72911265367517
81835101,TB,999,,597257.000000699,6642410.99993006,59.90771670991819,10.738946696471542
81835098,TB,311,,597199.000000699,6642611.99993006,59.90953440622057,10.738004519761
81835063,TB,211,2,596959.000000697,6642411.99993006,59.9077958341121,10.733621798414536
81835039,TB,322,1,596979.000000697,6642689.99993006,59.9102862588308,10.734109342460574
81837732,FA,419,1,597132.600000698,6643426.09993006,59.91685680100179,10.737199672708607
81836469,FA,419,1,597142.000000698,6643409.99993006,59.91671008530145,10.737360146532362
81844909,TB,329,1,596992.000000697,6642672.99993006,59.910130622598295,10.734333715356017
81844895,TB,329,1,596978.000000697,6642677.99993006,59.91017879068273,10.73408585292706
81861196,TB,181,,596658.000000694,6643090.99993006,59.91396069790805,10.728559633261717
81860041,IG,419,1,597853.000000704,6642939.99993005,59.912323646345314,10.749847229906605
81860084,GR,419,1,597863.000000704,6642938.99993006,59.91231229855032,10.750025484240398
81860130,IG,419,1,597848.000000704,6642930.99993005,59.91224405581023,10.749753614731707
81860149,IG,419,1,597859.000000704,6642930.99993005,59.91224144607584,10.749950213775866
81865418,IG,181,1,597200.000000699,6643293.99993006,59.915655290222915,10.73834245296386
81877289,FA,511,8,597114.000000698,6643505.19993006,59.917571123872285,10.736904293931477
81875758,FA,511,8,597360.0000007,6643157.99993006,59.9143969163188,10.741138442090119
81873321,IG,419,1,597943.000000704,6642943.99993005,59.912338184947345,10.751457661757417
81873348,IG,419,1,597959.000000704,6642942.99993005,59.912325409989805,10.751743151586743
81873356,IG,419,1,597948.000000704,6642912.99993005,59.912058766833844,10.751532365337551
81878358,IG,449,1,597801.000000703,6642740.99993005,59.910549915307094,10.748823889692492
81878366,IG,449,1,597793.600000703,6642723.79993006,59.91039729635324,10.74868351878515
81879516,IG,311,2,596988.000000697,6643482.99993006,59.91740152767209,10.734641563182354
300083963,IG,419,,597857.600000704,6642864.19993005,59.911642235302594,10.749893632299292
300083891,IG,419,,597883.100000704,6642860.39993006,59.911602078838825,10.750347580547725
300083881,IG,419,,597876.400000704,6642844.69993006,59.911462758264086,10.750220417483813
300083960,IG,419,,597864.100000704,6642861.39993006,59.91161556256607,10.750008479431175
300083899,IG,419,,597874.000000704,6642856.79993005,59.91157192760388,10.750183241615137
300083893,IG,419,,597865.800000704,6642838.39993005,59.911408729751884,10.750027995369704
300083957,IG,419,,597856.000000704,6642843.29993005,59.91145503333996,10.749855162782337
300083952,IG,419,,597849.100000704,6642846.19993006,59.91148269835379,10.74973321442393
300131758,IG,539,1,597926.600000704,6642721.29993005,59.91034330453935,10.751059265060066
300138216,IG,181,1,596558.400000694,6643057.89993006,59.91368694634193,10.726763972131733
300212708,FA,181,1,596821.300000696,6643476.69993006,59.91738415747352,10.731658757499204
300232793,IG,181,1,596634.900000694,6643106.79993006,59.91410792078115,10.728154121767524
300278091,FA,181,1,597345.1000007,6642168.69993006,59.90552122795016,10.740407236806671
300278095,FA,181,1,597346.4000007,6642135.29993006,59.90522114792697,10.740414776433811
300279237,FA,311,6,597725.300000703,6642823.69993006,59.91131010682308,10.747510014294528
300350193,FA,181,1,597515.000000701,6642306.39993006,59.90671699415565,10.743507998024656
300350930,FA,840,1,596579.900000694,6643723.79993006,59.919658560904,10.727458856973888
300365869,RA,999,1,597247.600000699,6642496.89993006,59.90848990009759,10.73881903532729
300366025,FA,311,9,597909.200000704,6643075.99993005,59.9135309346981,10.750915966015423
300458778,FA,319,2,597786.700000703,6642519.89993005,59.908568888146526,10.748463957805384
300458781,FA,319,2,597772.600000703,6642488.69993006,59.90829220388862,10.74819725713406
300458754,FA,319,2,597782.300000703,6642502.19993006,59.90841107000971,10.748376972876088
300485334,FA,311,9,598136.900000706,6642475.99993005,59.90809171391248,10.754701456924856
300504395,MB,152,10,598095.200000705,6642511.59993005,59.90842114845495,10.753973118271176
300509335,FA,311,7,598182.900000706,6642563.49993005,59.90886609563073,10.755564960151558
300527910,IG,182,1,597158.700000698,6643057.19993006,59.91353968346336,10.737493133930753
300535876,RA,533,1,598088.800000706,6642301.19993005,59.90653429220859,10.753759139320293
300535880,RA,999,1,598074.900000705,6642250.39993005,59.90608165754599,10.753486708423393
300570263,MB,239,1,596806.100000696,6642761.19993006,59.91096591350824,10.731052588643948
300577846,MB,439,1,598044.500000705,6642682.99993005,59.9099715479202,10.753148198405608
300592265,FA,669,1,597696.800000702,6642289.69993005,59.9065240949272,10.746748836254305
300592275,FA,531,1,597686.300000702,6642262.89993006,59.906286045522066,10.746548570836595
300676431,FA,531,1,597924.600000704,6642824.39993006,59.91126912141643,10.751072261083111
300677010,FA,181,1,597318.200000699,6643353.59993006,59.91616233787121,10.740483237460095
300678308,IG,311,12,596540.000000693,6642917.69993006,59.91243291617652,10.726369746022906
300681068,IG,181,1,597016.900000697,6643562.39993006,59.91810736473055,10.73519537231886
300691706,IG,181,1,597671.300000702,6642816.09993006,59.91125468585466,10.746541333508713
300709600,FA,411,1,598305.400000707,6642957.79993005,59.91237582520243,10.757941249900531
300716656,IG,999,1,596929.300000697,6643232.99993006,59.915171513246136,10.733475238962955
300724515,MB,239,1,596410.000000693,6643319.69993006,59.91607140012972,10.724233405176879
300755169,FA,840,1,597887.300000704,6642738.99993006,59.91051149371959,10.750365274681975
300772866,FA,181,,596777.100000695,6642908.59993006,59.9122956759017,10.730603165781135
300772876,FA,181,,596691.500000695,6642939.69993006,59.912594883772414,10.729087767341426
300773050,FA,239,1,597078.800000698,6643112.09993006,59.91405123990892,10.736090778521476
300795152,IG,231,2,598140.400000706,6642871.29993005,59.91163876706926,10.754951275707988
300795156,IG,419,3,598132.100000706,6642870.69993005,59.911635356771484,10.754802651620924
300795159,IG,419,3,598116.800000706,6642877.69993005,59.91170182283916,10.754532521764022
80467974,TB,511,6,597596.200000702,6642838.89993006,59.9114770974663,10.745209877595011
80487630,TB,311,12,596846.000000696,6643009.99993006,59.91318959672337,10.731882018636316
80466374,TB,319,8,597294.000000699,6642880.99993006,59.911926350409196,10.739828638521507
300816256,IG,239,1,598261.500000707,6643032.29993005,59.91305493548096,10.757191985800619
300654978,MB,619,10,597118.400000698,6643467.79993006,59.91723441335067,10.736965403716846
80468113,TB,311,8,597421.0000007,6642654.99993006,59.90986797035014,10.74199216207351
80489838,TB,152,10,597086.800000698,6643625.99993006,59.918661738872764,10.73647472403595
80468326,TB,311,9,597436.9000007,6642815.79993005,59.91130743209568,10.742351954407448
80491352,TB,311,4,597173.000000698,6643302.99993006,59.91574243036201,10.737864062524208
80897111,TB,511,9,597002.700000697,6643550.79993006,59.91800659242494,10.734936099144942
300115315,FA,621,7,597139.700000698,6642894.59993006,59.912084782759074,10.737077276375357
80468962,TB,511,7,597308.0000007,6643174.99993006,59.91456176784041,10.740216987876737
80489285,TB,322,6,597130.000000698,6643580.99993006,59.918247679117165,10.737225864458162
80968035,TB,311,8,596539.000000693,6643075.99993006,59.91385394084625,10.726425660805168
300828617,FA,533,1,598051.800000705,6642152.59993005,59.90520937507222,10.753027650624377
300828618,FA,239,1,598067.800000705,6642146.29993005,59.90514902848855,10.753310570456565
300828619,FA,669,1,598055.700000705,6642140.09993005,59.90509625832403,10.753091424282745
300828616,FA,840,1,598012.200000705,6642150.19993005,59.90519724414429,10.752318909554013
80653395,TB,739,7,597223.100000699,6642799.39993006,59.911210688600484,10.738523171718645
81835020,TB,239,1,596911.000000696,6642665.99993006,59.91008683407605,10.732882835775678
80468741,TB,143,6,597517.000000701,6642798.99993006,59.91113771855419,10.743775608235188
80471122,FA,311,9,597195.000000699,6642841.99993006,59.91159965680999,10.73804095241097
80891466,TB,311,3,597514.000000701,6642368.99993005,59.90727907999463,10.743519589713339
81188637,MB,311,8,597260.300000699,6642736.99993006,59.91064186311811,10.73915871812945
81416087,TB,319,1,596528.000000693,6643258.99993006,59.91549899587486,10.726314350312789
81416095,TB,319,1,596573.000000694,6643256.99993006,59.91547050986373,10.727117774895511
81787549,TB,999,1,597375.1000007,6642890.69993006,59.91199427160238,10.741282662810983
80488211,TB,311,8,597071.000000698,6643475.99993006,59.91731917104338,10.736121951647755
300410588,FA,642,8,598022.000000705,6642539.29993005,59.90868716141604,10.752678099194863
81441332,TB,641,1,597114.000000698,6642292.99993006,59.90669131757773,10.736335931457788
80468016,TB,311,5,597618.000000702,6642885.99993006,59.91189467123436,10.745621690679116
80468040,FA,239,5,597386.0000007,6642572.99993006,59.90914026557737,10.74132811374723
80466307,TB,322,8,597326.0000007,6642873.99993006,59.91185597403816,10.740397271282141
81215146,TB,212,2,597008.000000697,6642562.99993006,59.909139580360396,10.73456815154511
80471017,TB,669,6,597316.0000007,6642808.99993006,59.91127494294432,10.740188007416961
80467273,TB,322,5,597687.000000702,6642858.99993005,59.91163600430438,10.74684215822943
300728674,IG,311,11,597215.700000699,6643461.79993006,59.9171576349665,10.738701866070489
